Dataset,Noise,Model,Accuracy,Precision,Recall,F1
Binary_Iris,High_Stress,QSVC,0.827 ± 0.043,0.868 ± 0.118,0.800 ± 0.082,0.824 ± 0.027
Binary_Iris,High_Stress,VQC_COBYLA_300,0.600 ± 0.047,0.592 ± 0.053,0.693 ± 0.101,0.633 ± 0.036
Binary_Iris,High_Stress,VQC_SPSA_100,0.653 ± 0.102,0.645 ± 0.126,0.760 ± 0.161,0.686 ± 0.091
Binary_Iris,Ideal,Classical_SVM,0.993 ± 0.015,0.988 ± 0.028,1.000 ± 0.000,0.994 ± 0.014
Binary_Iris,Ideal,QSVC,0.807 ± 0.086,0.827 ± 0.138,0.813 ± 0.030,0.813 ± 0.060
Binary_Iris,Ideal,VQC_COBYLA_300,0.613 ± 0.080,0.596 ± 0.068,0.747 ± 0.145,0.656 ± 0.074
Binary_Iris,Ideal,VQC_SPSA_100,0.673 ± 0.092,0.678 ± 0.142,0.733 ± 0.176,0.689 ± 0.090
Binary_Iris,Low_Stress,QSVC,0.820 ± 0.038,0.840 ± 0.114,0.827 ± 0.112,0.822 ± 0.024
Binary_Iris,Low_Stress,VQC_COBYLA_300,0.640 ± 0.119,0.628 ± 0.120,0.773 ± 0.112,0.685 ± 0.085
Binary_Iris,Low_Stress,VQC_SPSA_100,0.660 ± 0.121,0.688 ± 0.159,0.720 ± 0.152,0.682 ± 0.074
Breast_Cancer,High_Stress,QSVC,0.740 ± 0.072,0.739 ± 0.057,0.916 ± 0.047,0.818 ± 0.048
Breast_Cancer,High_Stress,VQC_COBYLA_300,0.613 ± 0.069,0.668 ± 0.051,0.779 ± 0.078,0.718 ± 0.054
Breast_Cancer,High_Stress,VQC_SPSA_100,0.667 ± 0.047,0.688 ± 0.043,0.874 ± 0.060,0.768 ± 0.032
Breast_Cancer,Ideal,Classical_SVM,0.973 ± 0.037,0.989 ± 0.024,0.968 ± 0.047,0.978 ± 0.030
Breast_Cancer,Ideal,QSVC,0.753 ± 0.069,0.753 ± 0.063,0.916 ± 0.060,0.825 ± 0.047
Breast_Cancer,Ideal,VQC_COBYLA_300,0.593 ± 0.086,0.651 ± 0.064,0.779 ± 0.069,0.708 ± 0.059
Breast_Cancer,Ideal,VQC_SPSA_100,0.647 ± 0.038,0.702 ± 0.047,0.779 ± 0.069,0.736 ± 0.029
Breast_Cancer,Low_Stress,QSVC,0.760 ± 0.076,0.768 ± 0.063,0.895 ± 0.064,0.826 ± 0.055
Breast_Cancer,Low_Stress,VQC_COBYLA_300,0.633 ± 0.053,0.680 ± 0.032,0.800 ± 0.114,0.732 ± 0.051
Breast_Cancer,Low_Stress,VQC_SPSA_100,0.653 ± 0.038,0.683 ± 0.035,0.853 ± 0.086,0.756 ± 0.033
Make_Circles,High_Stress,QSVC,0.693 ± 0.076,0.659 ± 0.058,0.800 ± 0.094,0.722 ± 0.071
Make_Circles,High_Stress,VQC_COBYLA_300,0.747 ± 0.069,0.730 ± 0.095,0.827 ± 0.089,0.767 ± 0.040
Make_Circles,High_Stress,VQC_SPSA_100,0.753 ± 0.069,0.733 ± 0.096,0.840 ± 0.076,0.776 ± 0.035
Make_Circles,Ideal,Classical_SVM,0.953 ± 0.030,1.000 ± 0.000,0.907 ± 0.060,0.950 ± 0.032
Make_Circles,Ideal,QSVC,0.673 ± 0.043,0.663 ± 0.037,0.707 ± 0.076,0.683 ± 0.049
Make_Circles,Ideal,VQC_COBYLA_300,0.740 ± 0.064,0.738 ± 0.107,0.800 ± 0.105,0.756 ± 0.030
Make_Circles,Ideal,VQC_SPSA_100,0.740 ± 0.068,0.727 ± 0.096,0.813 ± 0.087,0.760 ± 0.039
Make_Circles,Low_Stress,QSVC,0.700 ± 0.041,0.671 ± 0.033,0.787 ± 0.073,0.723 ± 0.043
Make_Circles,Low_Stress,VQC_COBYLA_300,0.753 ± 0.077,0.723 ± 0.097,0.867 ± 0.105,0.780 ± 0.050
Make_Circles,Low_Stress,VQC_SPSA_100,0.760 ± 0.095,0.736 ± 0.113,0.853 ± 0.056,0.785 ± 0.066
Make_Moons,High_Stress,QSVC,0.653 ± 0.038,0.676 ± 0.078,0.627 ± 0.138,0.639 ± 0.060
Make_Moons,High_Stress,VQC_COBYLA_300,0.527 ± 0.104,0.520 ± 0.088,0.573 ± 0.167,0.541 ± 0.123
Make_Moons,High_Stress,VQC_SPSA_100,0.587 ± 0.090,0.578 ± 0.100,0.560 ± 0.192,0.563 ± 0.146
Make_Moons,Ideal,Classical_SVM,0.933 ± 0.041,0.947 ± 0.053,0.920 ± 0.056,0.932 ± 0.041
Make_Moons,Ideal,QSVC,0.653 ± 0.038,0.671 ± 0.079,0.640 ± 0.112,0.646 ± 0.043
Make_Moons,Ideal,VQC_COBYLA_300,0.513 ± 0.077,0.511 ± 0.083,0.493 ± 0.121,0.500 ± 0.099
Make_Moons,Ideal,VQC_SPSA_100,0.613 ± 0.069,0.611 ± 0.059,0.613 ± 0.145,0.607 ± 0.099
Make_Moons,Low_Stress,QSVC,0.640 ± 0.064,0.663 ± 0.096,0.600 ± 0.156,0.619 ± 0.087
Make_Moons,Low_Stress,VQC_COBYLA_300,0.580 ± 0.069,0.588 ± 0.074,0.547 ± 0.087,0.565 ± 0.071
Make_Moons,Low_Stress,VQC_SPSA_100,0.580 ± 0.065,0.580 ± 0.065,0.520 ± 0.208,0.534 ± 0.154
Wine,High_Stress,QSVC,0.787 ± 0.038,0.761 ± 0.052,0.904 ± 0.067,0.824 ± 0.030
Wine,High_Stress,VQC_COBYLA_300,0.693 ± 0.049,0.719 ± 0.060,0.749 ± 0.101,0.729 ± 0.045
Wine,High_Stress,VQC_SPSA_100,0.727 ± 0.080,0.741 ± 0.075,0.782 ± 0.144,0.755 ± 0.089
Wine,Ideal,Classical_SVM,0.893 ± 0.028,0.938 ± 0.078,0.877 ± 0.099,0.900 ± 0.030
Wine,Ideal,QSVC,0.780 ± 0.038,0.755 ± 0.014,0.891 ± 0.079,0.816 ± 0.038
Wine,Ideal,VQC_COBYLA_300,0.613 ± 0.119,0.628 ± 0.107,0.698 ± 0.235,0.652 ± 0.154
Wine,Ideal,VQC_SPSA_100,0.673 ± 0.076,0.706 ± 0.080,0.724 ± 0.158,0.705 ± 0.082
Wine,Low_Stress,QSVC,0.780 ± 0.051,0.755 ± 0.022,0.892 ± 0.087,0.816 ± 0.047
Wine,Low_Stress,VQC_COBYLA_300,0.673 ± 0.086,0.698 ± 0.089,0.721 ± 0.096,0.708 ± 0.084
Wine,Low_Stress,VQC_SPSA_100,0.747 ± 0.069,0.764 ± 0.075,0.793 ± 0.145,0.771 ± 0.082
