Dataset,Seed,Noise,Model,Accuracy,Precision,Recall,F1
Binary_Iris,42,Ideal,Classical_SVM,1.0,1.0,1.0,1.0
Binary_Iris,42,Ideal,VQC_COBYLA_300,0.6333333333333333,0.6111111111111112,0.7333333333333333,0.6666666666666666
Binary_Iris,42,Ideal,VQC_SPSA_100,0.8,0.9090909090909092,0.6666666666666666,0.7692307692307693
Binary_Iris,42,Ideal,QSVC,0.9,1.0,0.8,0.8888888888888888
Binary_Iris,100,Ideal,Classical_SVM,0.9666666666666668,0.9375,1.0,0.967741935483871
Binary_Iris,100,Ideal,VQC_COBYLA_300,0.6666666666666666,0.6086956521739131,0.9333333333333332,0.7368421052631579
Binary_Iris,100,Ideal,VQC_SPSA_100,0.7,0.625,1.0,0.7692307692307693
Binary_Iris,100,Ideal,QSVC,0.6666666666666666,0.6190476190476191,0.8666666666666667,0.7222222222222222
Binary_Iris,2023,Ideal,Classical_SVM,1.0,1.0,1.0,1.0
Binary_Iris,2023,Ideal,VQC_COBYLA_300,0.7,0.6875,0.7333333333333333,0.7096774193548387
Binary_Iris,2023,Ideal,VQC_SPSA_100,0.7,0.7142857142857143,0.6666666666666666,0.6896551724137931
Binary_Iris,2023,Ideal,QSVC,0.8,0.8,0.8,0.8
Binary_Iris,777,Ideal,Classical_SVM,1.0,1.0,1.0,1.0
Binary_Iris,777,Ideal,VQC_COBYLA_300,0.5666666666666667,0.5714285714285714,0.5333333333333333,0.5517241379310345
Binary_Iris,777,Ideal,VQC_SPSA_100,0.5666666666666667,0.5714285714285714,0.5333333333333333,0.5517241379310345
Binary_Iris,777,Ideal,QSVC,0.8333333333333334,0.8571428571428571,0.8,0.8275862068965517
Binary_Iris,1234,Ideal,Classical_SVM,1.0,1.0,1.0,1.0
Binary_Iris,1234,Ideal,VQC_COBYLA_300,0.5,0.5,0.8,0.6153846153846154
Binary_Iris,1234,Ideal,VQC_SPSA_100,0.6,0.5714285714285714,0.8,0.6666666666666666
Binary_Iris,1234,Ideal,QSVC,0.8333333333333334,0.8571428571428571,0.8,0.8275862068965517
Make_Moons,42,Ideal,Classical_SVM,0.9333333333333332,1.0,0.8666666666666667,0.9285714285714286
Make_Moons,42,Ideal,VQC_COBYLA_300,0.4666666666666667,0.4545454545454545,0.3333333333333333,0.3846153846153846
Make_Moons,42,Ideal,VQC_SPSA_100,0.5666666666666667,0.6,0.4,0.48
Make_Moons,42,Ideal,QSVC,0.6333333333333333,0.6666666666666666,0.5333333333333333,0.5925925925925926
Make_Moons,100,Ideal,Classical_SVM,0.9333333333333332,0.9333333333333332,0.9333333333333332,0.9333333333333332
Make_Moons,100,Ideal,VQC_COBYLA_300,0.5,0.5,0.5333333333333333,0.5161290322580645
Make_Moons,100,Ideal,VQC_SPSA_100,0.5333333333333333,0.5333333333333333,0.5333333333333333,0.5333333333333333
Make_Moons,100,Ideal,QSVC,0.6666666666666666,0.6666666666666666,0.6666666666666666,0.6666666666666666
Make_Moons,2023,Ideal,Classical_SVM,0.9,0.875,0.9333333333333332,0.9032258064516128
Make_Moons,2023,Ideal,VQC_COBYLA_300,0.4333333333333333,0.4285714285714285,0.4,0.4137931034482758
Make_Moons,2023,Ideal,VQC_SPSA_100,0.6,0.5882352941176471,0.6666666666666666,0.625
Make_Moons,2023,Ideal,QSVC,0.6666666666666666,0.631578947368421,0.8,0.7058823529411765
Make_Moons,777,Ideal,Classical_SVM,1.0,1.0,1.0,1.0
Make_Moons,777,Ideal,VQC_COBYLA_300,0.5333333333333333,0.5294117647058824,0.6,0.5625
Make_Moons,777,Ideal,VQC_SPSA_100,0.7,0.6875,0.7333333333333333,0.7096774193548387
Make_Moons,777,Ideal,QSVC,0.6,0.5882352941176471,0.6666666666666666,0.625
Make_Moons,1234,Ideal,Classical_SVM,0.9,0.9285714285714286,0.8666666666666667,0.896551724137931
Make_Moons,1234,Ideal,VQC_COBYLA_300,0.6333333333333333,0.6428571428571429,0.6,0.6206896551724138
Make_Moons,1234,Ideal,VQC_SPSA_100,0.6666666666666666,0.6470588235294118,0.7333333333333333,0.6875
Make_Moons,1234,Ideal,QSVC,0.7,0.8,0.5333333333333333,0.64
Make_Circles,42,Ideal,Classical_SVM,0.9333333333333332,1.0,0.8666666666666667,0.9285714285714286
Make_Circles,42,Ideal,VQC_COBYLA_300,0.7666666666666667,0.8333333333333334,0.6666666666666666,0.7407407407407407
Make_Circles,42,Ideal,VQC_SPSA_100,0.7333333333333333,0.7333333333333333,0.7333333333333333,0.7333333333333333
Make_Circles,42,Ideal,QSVC,0.6333333333333333,0.6428571428571429,0.6,0.6206896551724138
Make_Circles,100,Ideal,Classical_SVM,0.9333333333333332,1.0,0.8666666666666667,0.9285714285714286
Make_Circles,100,Ideal,VQC_COBYLA_300,0.7666666666666667,0.7222222222222222,0.8666666666666667,0.7878787878787878
Make_Circles,100,Ideal,VQC_SPSA_100,0.7333333333333333,0.7058823529411765,0.8,0.75
Make_Circles,100,Ideal,QSVC,0.7,0.6875,0.7333333333333333,0.7096774193548387
Make_Circles,2023,Ideal,Classical_SVM,1.0,1.0,1.0,1.0
Make_Circles,2023,Ideal,VQC_COBYLA_300,0.7333333333333333,0.7058823529411765,0.8,0.75
Make_Circles,2023,Ideal,VQC_SPSA_100,0.8,0.7647058823529411,0.8666666666666667,0.8125
Make_Circles,2023,Ideal,QSVC,0.7333333333333333,0.7058823529411765,0.8,0.75
Make_Circles,777,Ideal,Classical_SVM,0.9333333333333332,1.0,0.8666666666666667,0.9285714285714286
Make_Circles,777,Ideal,VQC_COBYLA_300,0.8,0.8461538461538461,0.7333333333333333,0.7857142857142857
Make_Circles,777,Ideal,VQC_SPSA_100,0.8,0.8461538461538461,0.7333333333333333,0.7857142857142857
Make_Circles,777,Ideal,QSVC,0.6666666666666666,0.6666666666666666,0.6666666666666666,0.6666666666666666
Make_Circles,1234,Ideal,Classical_SVM,0.9666666666666668,1.0,0.9333333333333332,0.9655172413793104
Make_Circles,1234,Ideal,VQC_COBYLA_300,0.6333333333333333,0.5833333333333334,0.9333333333333332,0.717948717948718
Make_Circles,1234,Ideal,VQC_SPSA_100,0.6333333333333333,0.5833333333333334,0.9333333333333332,0.717948717948718
Make_Circles,1234,Ideal,QSVC,0.6333333333333333,0.6111111111111112,0.7333333333333333,0.6666666666666666
Breast_Cancer,42,Ideal,Classical_SVM,1.0,1.0,1.0,1.0
Breast_Cancer,42,Ideal,VQC_COBYLA_300,0.4666666666666667,0.5652173913043478,0.6842105263157895,0.6190476190476191
Breast_Cancer,42,Ideal,VQC_SPSA_100,0.6333333333333333,0.6666666666666666,0.8421052631578947,0.7441860465116279
Breast_Cancer,42,Ideal,QSVC,0.7,0.7083333333333334,0.8947368421052632,0.7906976744186046
Breast_Cancer,100,Ideal,Classical_SVM,0.9333333333333332,0.9473684210526316,0.9473684210526316,0.9473684210526316
Breast_Cancer,100,Ideal,VQC_COBYLA_300,0.5666666666666667,0.625,0.7894736842105263,0.6976744186046512
Breast_Cancer,100,Ideal,VQC_SPSA_100,0.7,0.7777777777777778,0.7368421052631579,0.7567567567567568
Breast_Cancer,100,Ideal,QSVC,0.8,0.782608695652174,0.9473684210526316,0.8571428571428571
Breast_Cancer,2023,Ideal,Classical_SVM,1.0,1.0,1.0,1.0
Breast_Cancer,2023,Ideal,VQC_COBYLA_300,0.7,0.7272727272727273,0.8421052631578947,0.7804878048780488
Breast_Cancer,2023,Ideal,VQC_SPSA_100,0.6666666666666666,0.7142857142857143,0.7894736842105263,0.75
Breast_Cancer,2023,Ideal,QSVC,0.6666666666666666,0.6956521739130435,0.8421052631578947,0.7619047619047619
Breast_Cancer,777,Ideal,Classical_SVM,0.9333333333333332,1.0,0.8947368421052632,0.9444444444444444
Breast_Cancer,777,Ideal,VQC_COBYLA_300,0.6333333333333333,0.7,0.7368421052631579,0.717948717948718
Breast_Cancer,777,Ideal,VQC_SPSA_100,0.6,0.6842105263157895,0.6842105263157895,0.6842105263157895
Breast_Cancer,777,Ideal,QSVC,0.8333333333333334,0.85,0.8947368421052632,0.8717948717948718
Breast_Cancer,1234,Ideal,Classical_SVM,1.0,1.0,1.0,1.0
Breast_Cancer,1234,Ideal,VQC_COBYLA_300,0.6,0.64,0.8421052631578947,0.7272727272727273
Breast_Cancer,1234,Ideal,VQC_SPSA_100,0.6333333333333333,0.6666666666666666,0.8421052631578947,0.7441860465116279
Breast_Cancer,1234,Ideal,QSVC,0.7666666666666667,0.7307692307692307,1.0,0.8444444444444444
Wine,42,Ideal,Classical_SVM,0.8666666666666667,1.0,0.75,0.8571428571428571
Wine,42,Ideal,VQC_COBYLA_300,0.4333333333333333,0.4615384615384615,0.375,0.4137931034482758
Wine,42,Ideal,VQC_SPSA_100,0.6666666666666666,0.75,0.5625,0.6428571428571429
Wine,42,Ideal,QSVC,0.7666666666666667,0.7647058823529411,0.8125,0.7878787878787878
Wine,100,Ideal,Classical_SVM,0.9,1.0,0.8125,0.896551724137931
Wine,100,Ideal,VQC_COBYLA_300,0.6333333333333333,0.6,0.9375,0.7317073170731707
Wine,100,Ideal,VQC_SPSA_100,0.6666666666666666,0.625,0.9375,0.75
Wine,100,Ideal,QSVC,0.8,0.75,0.9375,0.8333333333333334
Wine,2023,Ideal,Classical_SVM,0.9333333333333332,0.9411764705882352,0.9411764705882352,0.9411764705882352
Wine,2023,Ideal,VQC_COBYLA_300,0.5666666666666667,0.6428571428571429,0.5294117647058824,0.5806451612903226
Wine,2023,Ideal,VQC_SPSA_100,0.6,0.6666666666666666,0.5882352941176471,0.625
Wine,2023,Ideal,QSVC,0.7333333333333333,0.7368421052631579,0.8235294117647058,0.7777777777777778
Wine,777,Ideal,Classical_SVM,0.8666666666666667,0.8095238095238095,1.0,0.8947368421052632
Wine,777,Ideal,VQC_COBYLA_300,0.7333333333333333,0.7368421052631579,0.8235294117647058,0.7777777777777778
Wine,777,Ideal,VQC_SPSA_100,0.6333333333333333,0.6666666666666666,0.7058823529411765,0.6857142857142857
Wine,777,Ideal,QSVC,0.8333333333333334,0.7727272727272727,1.0,0.8717948717948718
Wine,1234,Ideal,Classical_SVM,0.9,0.9375,0.8823529411764706,0.9090909090909092
Wine,1234,Ideal,VQC_COBYLA_300,0.7,0.7,0.8235294117647058,0.7567567567567568
Wine,1234,Ideal,VQC_SPSA_100,0.8,0.8235294117647058,0.8235294117647058,0.8235294117647058
Wine,1234,Ideal,QSVC,0.7666666666666667,0.75,0.8823529411764706,0.8108108108108109
Binary_Iris,42,Low_Stress,VQC_COBYLA_300,0.7666666666666667,0.7857142857142857,0.7333333333333333,0.7586206896551724
Binary_Iris,42,Low_Stress,VQC_SPSA_100,0.8,0.9090909090909091,0.6666666666666666,0.7692307692307693
Binary_Iris,42,Low_Stress,QSVC,0.8666666666666667,1.0,0.7333333333333333,0.8461538461538461
Binary_Iris,42,High_Stress,VQC_COBYLA_300,0.6,0.5789473684210527,0.7333333333333333,0.6470588235294118
Binary_Iris,42,High_Stress,VQC_SPSA_100,0.7666666666666667,0.8333333333333334,0.6666666666666666,0.7407407407407407
Binary_Iris,42,High_Stress,QSVC,0.8666666666666667,1.0,0.7333333333333333,0.8461538461538461
Binary_Iris,100,Low_Stress,VQC_COBYLA_300,0.6666666666666666,0.6190476190476191,0.8666666666666667,0.7222222222222222
Binary_Iris,100,Low_Stress,VQC_SPSA_100,0.6666666666666666,0.6086956521739131,0.9333333333333333,0.7368421052631579
Binary_Iris,100,Low_Stress,QSVC,0.7666666666666667,0.6818181818181818,1.0,0.8108108108108109
Binary_Iris,100,High_Stress,VQC_COBYLA_300,0.6,0.5789473684210527,0.7333333333333333,0.6470588235294118
Binary_Iris,100,High_Stress,VQC_SPSA_100,0.6666666666666666,0.6086956521739131,0.9333333333333333,0.7368421052631579
Binary_Iris,100,High_Stress,QSVC,0.7666666666666667,0.7,0.9333333333333333,0.8
Binary_Iris,2023,Low_Stress,VQC_COBYLA_300,0.7333333333333333,0.7058823529411765,0.8,0.75
Binary_Iris,2023,Low_Stress,VQC_SPSA_100,0.7,0.7142857142857143,0.6666666666666666,0.6896551724137931
Binary_Iris,2023,Low_Stress,QSVC,0.8333333333333334,0.8125,0.8666666666666667,0.8387096774193549
Binary_Iris,2023,High_Stress,VQC_COBYLA_300,0.6666666666666666,0.6666666666666666,0.6666666666666666,0.6666666666666666
Binary_Iris,2023,High_Stress,VQC_SPSA_100,0.7333333333333333,0.7058823529411765,0.8,0.75
Binary_Iris,2023,High_Stress,QSVC,0.8,0.8,0.8,0.8
Binary_Iris,777,Low_Stress,VQC_COBYLA_300,0.5333333333333333,0.5294117647058824,0.6,0.5625
Binary_Iris,777,Low_Stress,VQC_SPSA_100,0.6666666666666666,0.7272727272727273,0.5333333333333333,0.6153846153846154
Binary_Iris,777,Low_Stress,QSVC,0.8,0.8461538461538461,0.7333333333333333,0.7857142857142857
Binary_Iris,777,High_Stress,VQC_COBYLA_300,0.6,0.6153846153846154,0.5333333333333333,0.5714285714285714
Binary_Iris,777,High_Stress,VQC_SPSA_100,0.5333333333333333,0.5333333333333333,0.5333333333333333,0.5333333333333333
Binary_Iris,777,High_Stress,QSVC,0.8333333333333334,0.9166666666666666,0.7333333333333333,0.8148148148148148
Binary_Iris,1234,Low_Stress,VQC_COBYLA_300,0.5,0.5,0.8666666666666667,0.6341463414634146
Binary_Iris,1234,Low_Stress,VQC_SPSA_100,0.4666666666666667,0.48,0.8,0.6
Binary_Iris,1234,Low_Stress,QSVC,0.8333333333333334,0.8571428571428571,0.8,0.8275862068965517
Binary_Iris,1234,High_Stress,VQC_COBYLA_300,0.5333333333333333,0.5217391304347826,0.8,0.631578947368421
Binary_Iris,1234,High_Stress,VQC_SPSA_100,0.5666666666666667,0.5416666666666666,0.8666666666666667,0.6666666666666666
Binary_Iris,1234,High_Stress,QSVC,0.8666666666666667,0.9230769230769231,0.8,0.8571428571428571
Make_Moons,42,Low_Stress,VQC_COBYLA_300,0.6,0.6363636363636364,0.4666666666666667,0.5384615384615384
Make_Moons,42,Low_Stress,VQC_SPSA_100,0.5,0.5,0.2,0.2857142857142857
Make_Moons,42,Low_Stress,QSVC,0.6333333333333333,0.7,0.4666666666666667,0.56
Make_Moons,42,High_Stress,VQC_COBYLA_300,0.43333333333333335,0.45,0.6,0.5142857142857142
Make_Moons,42,High_Stress,VQC_SPSA_100,0.6,0.6153846153846154,0.5333333333333333,0.5714285714285714
Make_Moons,42,High_Stress,QSVC,0.6333333333333333,0.7,0.4666666666666667,0.56
Make_Moons,100,Low_Stress,VQC_COBYLA_300,0.5666666666666667,0.5714285714285714,0.5333333333333333,0.5517241379310345
Make_Moons,100,Low_Stress,VQC_SPSA_100,0.5333333333333333,0.5384615384615384,0.4666666666666667,0.5
Make_Moons,100,Low_Stress,QSVC,0.6666666666666666,0.6470588235294118,0.7333333333333333,0.6875
Make_Moons,100,High_Stress,VQC_COBYLA_300,0.4666666666666667,0.45454545454545453,0.3333333333333333,0.38461538461538464
Make_Moons,100,High_Stress,VQC_SPSA_100,0.43333333333333335,0.4,0.26666666666666666,0.32
Make_Moons,100,High_Stress,QSVC,0.6666666666666666,0.6470588235294118,0.7333333333333333,0.6875
Make_Moons,2023,Low_Stress,VQC_COBYLA_300,0.4666666666666667,0.4666666666666667,0.4666666666666667,0.4666666666666667
Make_Moons,2023,Low_Stress,VQC_SPSA_100,0.6,0.5789473684210527,0.7333333333333333,0.6470588235294118
Make_Moons,2023,Low_Stress,QSVC,0.6666666666666666,0.631578947368421,0.8,0.7058823529411765
Make_Moons,2023,High_Stress,VQC_COBYLA_300,0.5333333333333333,0.5294117647058824,0.6,0.5625
Make_Moons,2023,High_Stress,VQC_SPSA_100,0.6666666666666666,0.6470588235294118,0.7333333333333333,0.6875
Make_Moons,2023,High_Stress,QSVC,0.6666666666666666,0.631578947368421,0.8,0.7058823529411765
Make_Moons,777,Low_Stress,VQC_COBYLA_300,0.6333333333333333,0.625,0.6666666666666666,0.6451612903225806
Make_Moons,777,Low_Stress,VQC_SPSA_100,0.6666666666666666,0.6666666666666666,0.6666666666666666,0.6666666666666666
Make_Moons,777,Low_Stress,QSVC,0.5333333333333333,0.5384615384615384,0.4666666666666667,0.5
Make_Moons,777,High_Stress,VQC_COBYLA_300,0.7,0.6666666666666666,0.8,0.7272727272727273
Make_Moons,777,High_Stress,VQC_SPSA_100,0.6333333333333333,0.6111111111111112,0.7333333333333333,0.6666666666666666
Make_Moons,777,High_Stress,QSVC,0.6,0.6,0.6,0.6
Make_Moons,1234,Low_Stress,VQC_COBYLA_300,0.6333333333333333,0.6428571428571429,0.6,0.6206896551724138
Make_Moons,1234,Low_Stress,VQC_SPSA_100,0.6,0.6153846153846154,0.5333333333333333,0.5714285714285714
Make_Moons,1234,Low_Stress,QSVC,0.7,0.8,0.5333333333333333,0.64
Make_Moons,1234,High_Stress,VQC_COBYLA_300,0.5,0.5,0.5333333333333333,0.5161290322580645
Make_Moons,1234,High_Stress,VQC_SPSA_100,0.6,0.6153846153846154,0.5333333333333333,0.5714285714285714
Make_Moons,1234,High_Stress,QSVC,0.7,0.8,0.5333333333333333,0.64
Make_Circles,42,Low_Stress,VQC_COBYLA_300,0.7666666666666667,0.75,0.8,0.7741935483870968
Make_Circles,42,Low_Stress,VQC_SPSA_100,0.7666666666666667,0.75,0.8,0.7741935483870968
Make_Circles,42,Low_Stress,QSVC,0.6666666666666666,0.6470588235294118,0.7333333333333333,0.6875
Make_Circles,42,High_Stress,VQC_COBYLA_300,0.7333333333333333,0.7333333333333333,0.7333333333333333,0.7333333333333333
Make_Circles,42,High_Stress,VQC_SPSA_100,0.7666666666666667,0.75,0.8,0.7741935483870968
Make_Circles,42,High_Stress,QSVC,0.6666666666666666,0.6470588235294118,0.7333333333333333,0.6875
Make_Circles,100,Low_Stress,VQC_COBYLA_300,0.7333333333333333,0.6842105263157895,0.8666666666666667,0.7647058823529411
Make_Circles,100,Low_Stress,VQC_SPSA_100,0.7,0.6666666666666666,0.8,0.7272727272727273
Make_Circles,100,Low_Stress,QSVC,0.7666666666666667,0.7222222222222222,0.8666666666666667,0.7878787878787878
Make_Circles,100,High_Stress,VQC_COBYLA_300,0.7666666666666667,0.7222222222222222,0.8666666666666667,0.7878787878787878
Make_Circles,100,High_Stress,VQC_SPSA_100,0.7666666666666667,0.7222222222222222,0.8666666666666667,0.7878787878787878
Make_Circles,100,High_Stress,QSVC,0.8,0.7368421052631579,0.9333333333333333,0.8235294117647058
Make_Circles,2023,Low_Stress,VQC_COBYLA_300,0.8333333333333334,0.75,1.0,0.8571428571428571
Make_Circles,2023,Low_Stress,VQC_SPSA_100,0.8333333333333334,0.8125,0.8666666666666667,0.8387096774193549
Make_Circles,2023,Low_Stress,QSVC,0.7,0.65,0.8666666666666667,0.7428571428571429
Make_Circles,2023,High_Stress,VQC_COBYLA_300,0.8,0.7647058823529411,0.8666666666666667,0.8125
Make_Circles,2023,High_Stress,VQC_SPSA_100,0.8,0.7647058823529411,0.8666666666666667,0.8125
Make_Circles,2023,High_Stress,QSVC,0.7333333333333333,0.6842105263157895,0.8666666666666667,0.7647058823529411
Make_Circles,777,Low_Stress,VQC_COBYLA_300,0.8,0.8461538461538461,0.7333333333333333,0.7857142857142857
Make_Circles,777,Low_Stress,VQC_SPSA_100,0.8666666666666667,0.8666666666666667,0.8666666666666667,0.8666666666666667
Make_Circles,777,Low_Stress,QSVC,0.7,0.6875,0.7333333333333333,0.7096774193548387
Make_Circles,777,High_Stress,VQC_COBYLA_300,0.8,0.8461538461538461,0.7333333333333333,0.7857142857142857
Make_Circles,777,High_Stress,VQC_SPSA_100,0.8,0.8461538461538461,0.7333333333333333,0.7857142857142857
Make_Circles,777,High_Stress,QSVC,0.6666666666666666,0.6470588235294118,0.7333333333333333,0.6875
Make_Circles,1234,Low_Stress,VQC_COBYLA_300,0.6333333333333333,0.5833333333333334,0.9333333333333333,0.717948717948718
Make_Circles,1234,Low_Stress,VQC_SPSA_100,0.6333333333333333,0.5833333333333334,0.9333333333333333,0.717948717948718
Make_Circles,1234,Low_Stress,QSVC,0.6666666666666666,0.6470588235294118,0.7333333333333333,0.6875
Make_Circles,1234,High_Stress,VQC_COBYLA_300,0.6333333333333333,0.5833333333333334,0.9333333333333333,0.717948717948718
Make_Circles,1234,High_Stress,VQC_SPSA_100,0.6333333333333333,0.5833333333333334,0.9333333333333333,0.717948717948718
Make_Circles,1234,High_Stress,QSVC,0.6,0.5789473684210527,0.7333333333333333,0.6470588235294118
Breast_Cancer,42,Low_Stress,VQC_COBYLA_300,0.5666666666666667,0.6363636363636364,0.7368421052631579,0.6829268292682927
Breast_Cancer,42,Low_Stress,VQC_SPSA_100,0.6333333333333333,0.6538461538461539,0.8947368421052632,0.7555555555555555
Breast_Cancer,42,Low_Stress,QSVC,0.7,0.7083333333333334,0.8947368421052632,0.7906976744186046
Breast_Cancer,42,High_Stress,VQC_COBYLA_300,0.5666666666666667,0.6363636363636364,0.7368421052631579,0.6829268292682927
Breast_Cancer,42,High_Stress,VQC_SPSA_100,0.6666666666666666,0.6666666666666666,0.9473684210526315,0.782608695652174
Breast_Cancer,42,High_Stress,QSVC,0.7,0.7083333333333334,0.8947368421052632,0.7906976744186046
Breast_Cancer,100,Low_Stress,VQC_COBYLA_300,0.6333333333333333,0.7222222222222222,0.6842105263157895,0.7027027027027027
Breast_Cancer,100,Low_Stress,VQC_SPSA_100,0.6666666666666666,0.7368421052631579,0.7368421052631579,0.7368421052631579
Breast_Cancer,100,Low_Stress,QSVC,0.8333333333333334,0.8181818181818182,0.9473684210526315,0.8780487804878049
Breast_Cancer,100,High_Stress,VQC_COBYLA_300,0.7,0.75,0.7894736842105263,0.7692307692307693
Breast_Cancer,100,High_Stress,VQC_SPSA_100,0.7333333333333333,0.7619047619047619,0.8421052631578947,0.8
Breast_Cancer,100,High_Stress,QSVC,0.8333333333333334,0.8181818181818182,0.9473684210526315,0.8780487804878049
Breast_Cancer,2023,Low_Stress,VQC_COBYLA_300,0.7,0.6923076923076923,0.9473684210526315,0.8
Breast_Cancer,2023,Low_Stress,VQC_SPSA_100,0.7,0.6923076923076923,0.9473684210526315,0.8
Breast_Cancer,2023,Low_Stress,QSVC,0.6666666666666666,0.7142857142857143,0.7894736842105263,0.75
Breast_Cancer,2023,High_Stress,VQC_COBYLA_300,0.6,0.6521739130434783,0.7894736842105263,0.7142857142857143
Breast_Cancer,2023,High_Stress,VQC_SPSA_100,0.6666666666666666,0.68,0.8947368421052632,0.7727272727272727
Breast_Cancer,2023,High_Stress,QSVC,0.6666666666666666,0.6956521739130435,0.8421052631578947,0.7619047619047619
Breast_Cancer,777,Low_Stress,VQC_COBYLA_300,0.6,0.6666666666666666,0.7368421052631579,0.7
Breast_Cancer,777,Low_Stress,VQC_SPSA_100,0.6,0.6521739130434783,0.7894736842105263,0.7142857142857143
Breast_Cancer,777,Low_Stress,QSVC,0.8333333333333334,0.85,0.8947368421052632,0.8717948717948718
Breast_Cancer,777,High_Stress,VQC_COBYLA_300,0.5333333333333333,0.6190476190476191,0.6842105263157895,0.65
Breast_Cancer,777,High_Stress,VQC_SPSA_100,0.6,0.6521739130434783,0.7894736842105263,0.7142857142857143
Breast_Cancer,777,High_Stress,QSVC,0.8,0.782608695652174,0.9473684210526315,0.8571428571428571
Breast_Cancer,1234,Low_Stress,VQC_COBYLA_300,0.6666666666666666,0.68,0.8947368421052632,0.7727272727272727
Breast_Cancer,1234,Low_Stress,VQC_SPSA_100,0.6666666666666666,0.68,0.8947368421052632,0.7727272727272727
Breast_Cancer,1234,Low_Stress,QSVC,0.7666666666666667,0.75,0.9473684210526315,0.8372093023255814
Breast_Cancer,1234,High_Stress,VQC_COBYLA_300,0.6666666666666666,0.68,0.8947368421052632,0.7727272727272727
Breast_Cancer,1234,High_Stress,VQC_SPSA_100,0.6666666666666666,0.68,0.8947368421052632,0.7727272727272727
Breast_Cancer,1234,High_Stress,QSVC,0.7,0.6923076923076923,0.9473684210526315,0.8
Wine,42,Low_Stress,VQC_COBYLA_300,0.6333333333333333,0.6470588235294118,0.6875,0.6666666666666666
Wine,42,Low_Stress,VQC_SPSA_100,0.6666666666666666,0.75,0.5625,0.6428571428571429
Wine,42,Low_Stress,QSVC,0.8,0.7777777777777778,0.875,0.8235294117647058
Wine,42,High_Stress,VQC_COBYLA_300,0.7666666666666667,0.7647058823529411,0.8125,0.7878787878787878
Wine,42,High_Stress,VQC_SPSA_100,0.6333333333333333,0.6923076923076923,0.5625,0.6206896551724138
Wine,42,High_Stress,QSVC,0.8,0.7777777777777778,0.875,0.8235294117647058
Wine,100,Low_Stress,VQC_COBYLA_300,0.5666666666666667,0.5882352941176471,0.625,0.6060606060606061
Wine,100,Low_Stress,VQC_SPSA_100,0.7,0.6666666666666666,0.875,0.7567567567567568
Wine,100,Low_Stress,QSVC,0.8,0.75,0.9375,0.8333333333333334
Wine,100,High_Stress,VQC_COBYLA_300,0.6666666666666666,0.6363636363636364,0.875,0.7368421052631579
Wine,100,High_Stress,VQC_SPSA_100,0.6666666666666666,0.6363636363636364,0.875,0.7368421052631579
Wine,100,High_Stress,QSVC,0.7333333333333333,0.6818181818181818,0.9375,0.7894736842105263
Wine,2023,Low_Stress,VQC_COBYLA_300,0.6666666666666666,0.7333333333333333,0.6470588235294118,0.6875
Wine,2023,Low_Stress,VQC_SPSA_100,0.8333333333333334,0.8,0.9411764705882353,0.8648648648648649
Wine,2023,Low_Stress,QSVC,0.7,0.7222222222222222,0.7647058823529411,0.7428571428571429
Wine,2023,High_Stress,VQC_COBYLA_300,0.6333333333333333,0.6875,0.6470588235294118,0.6666666666666666
Wine,2023,High_Stress,VQC_SPSA_100,0.8333333333333334,0.8,0.9411764705882353,0.8648648648648649
Wine,2023,High_Stress,QSVC,0.8,0.8235294117647058,0.8235294117647058,0.8235294117647058
Wine,777,Low_Stress,VQC_COBYLA_300,0.7,0.7,0.8235294117647058,0.7567567567567568
Wine,777,Low_Stress,VQC_SPSA_100,0.7333333333333333,0.7368421052631579,0.8235294117647058,0.7777777777777778
Wine,777,Low_Stress,QSVC,0.8333333333333334,0.7727272727272727,1.0,0.8717948717948718
Wine,777,High_Stress,VQC_COBYLA_300,0.7,0.7857142857142857,0.6470588235294118,0.7096774193548387
Wine,777,High_Stress,VQC_SPSA_100,0.7333333333333333,0.7647058823529411,0.7647058823529411,0.7647058823529411
Wine,777,High_Stress,QSVC,0.8333333333333334,0.7727272727272727,1.0,0.8717948717948718
Wine,1234,Low_Stress,VQC_COBYLA_300,0.8,0.8235294117647058,0.8235294117647058,0.8235294117647058
Wine,1234,Low_Stress,VQC_SPSA_100,0.8,0.8666666666666667,0.7647058823529411,0.8125
Wine,1234,Low_Stress,QSVC,0.7666666666666667,0.75,0.8823529411764706,0.8108108108108109
Wine,1234,High_Stress,VQC_COBYLA_300,0.7,0.7222222222222222,0.7647058823529411,0.7428571428571429
Wine,1234,High_Stress,VQC_SPSA_100,0.7666666666666667,0.8125,0.7647058823529411,0.7878787878787878
Wine,1234,High_Stress,QSVC,0.7666666666666667,0.75,0.8823529411764706,0.8108108108108109
