mean radius,mean texture,mean perimeter,mean area,mean smoothness,mean compactness,mean concavity,mean concave points,mean symmetry,mean fractal dimension,radius error,texture error,perimeter error,area error,smoothness error,compactness error,concavity error,concave points error,symmetry error,fractal dimension error,worst radius,worst texture,worst perimeter,worst area,worst smoothness,worst compactness,worst concavity,worst concave points,worst symmetry,worst fractal dimension,target
14.69,13.98,98.22,656.1,0.1031,0.1836,0.145,0.063,0.2086,0.07406,0.5462,1.511,4.795,49.45,0.009976,0.05244,0.05278,0.0158,0.02653,0.005444,16.46,18.34,114.1,809.2,0.1312,0.3635,0.3219,0.1108,0.2827,0.09208,1
14.87,16.67,98.64,682.5,0.1162,0.1649,0.169,0.08923,0.2157,0.06768,0.4266,0.9489,2.989,41.18,0.006985,0.02563,0.03011,0.01271,0.01602,0.003884,18.81,27.37,127.1,1095.0,0.1878,0.448,0.4704,0.2027,0.3585,0.1065,0
11.71,17.19,74.68,420.3,0.09774,0.06141,0.03809,0.03239,0.1516,0.06095,0.2451,0.7655,1.742,17.86,0.006905,0.008704,0.01978,0.01185,0.01897,0.001671,13.01,21.39,84.42,521.5,0.1323,0.104,0.1521,0.1099,0.2572,0.07097,1
11.28,13.39,73.0,384.8,0.1164,0.1136,0.04635,0.04796,0.1771,0.06072,0.3384,1.343,1.851,26.33,0.01127,0.03498,0.02187,0.01965,0.0158,0.003442,11.92,15.77,76.53,434.0,0.1367,0.1822,0.08669,0.08611,0.2102,0.06784,1
11.74,14.69,76.31,426.0,0.08099,0.09661,0.06726,0.02639,0.1499,0.06758,0.1924,0.6417,1.345,13.04,0.006982,0.03916,0.04017,0.01528,0.0226,0.006822,12.45,17.6,81.25,473.8,0.1073,0.2793,0.269,0.1056,0.2604,0.09879,1
10.66,15.15,67.49,349.6,0.08792,0.04302,0.0,0.0,0.1928,0.05975,0.3309,1.925,2.155,21.98,0.008713,0.01017,0.0,0.0,0.03265,0.001002,11.54,19.2,73.2,408.3,0.1076,0.06791,0.0,0.0,0.271,0.06164,1
13.49,22.3,86.91,561.0,0.08752,0.07698,0.04751,0.03384,0.1809,0.05718,0.2338,1.353,1.735,20.2,0.004455,0.01382,0.02095,0.01184,0.01641,0.001956,15.15,31.82,99.0,698.8,0.1162,0.1711,0.2282,0.1282,0.2871,0.06917,1
14.9,22.53,102.1,685.0,0.09947,0.2225,0.2733,0.09711,0.2041,0.06898,0.253,0.8749,3.466,24.19,0.006965,0.06213,0.07926,0.02234,0.01499,0.005784,16.35,27.57,125.4,832.7,0.1419,0.709,0.9019,0.2475,0.2866,0.1155,0
10.17,14.88,64.55,311.9,0.1134,0.08061,0.01084,0.0129,0.2743,0.0696,0.5158,1.441,3.312,34.62,0.007514,0.01099,0.007665,0.008193,0.04183,0.005953,11.02,17.45,69.86,368.6,0.1275,0.09866,0.02168,0.02579,0.3557,0.0802,1
12.87,19.54,82.67,509.2,0.09136,0.07883,0.01797,0.0209,0.1861,0.06347,0.3665,0.7693,2.597,26.5,0.00591,0.01362,0.007066,0.006502,0.02223,0.002378,14.45,24.38,95.14,626.9,0.1214,0.1652,0.07127,0.06384,0.3313,0.07735,1
14.62,24.02,94.57,662.7,0.08974,0.08606,0.03102,0.02957,0.1685,0.05866,0.3721,1.111,2.279,33.76,0.004868,0.01818,0.01121,0.008606,0.02085,0.002893,16.11,29.11,102.9,803.7,0.1115,0.1766,0.09189,0.06946,0.2522,0.07246,1
13.05,18.59,85.09,512.0,0.1082,0.1304,0.09603,0.05603,0.2035,0.06501,0.3106,1.51,2.59,21.57,0.007807,0.03932,0.05112,0.01876,0.0286,0.005715,14.19,24.85,94.22,591.2,0.1343,0.2658,0.2573,0.1258,0.3113,0.08317,1
17.91,21.02,124.4,994.0,0.123,0.2576,0.3189,0.1198,0.2113,0.07115,0.403,0.7747,3.123,41.51,0.007159,0.03718,0.06165,0.01051,0.01591,0.005099,20.8,27.78,149.6,1304.0,0.1873,0.5917,0.9034,0.1964,0.3245,0.1198,0
14.26,19.65,97.83,629.9,0.07837,0.2233,0.3003,0.07798,0.1704,0.07769,0.3628,1.49,3.399,29.25,0.005298,0.07446,0.1435,0.02292,0.02566,0.01298,15.3,23.73,107.0,709.0,0.08949,0.4193,0.6783,0.1505,0.2398,0.1082,1
13.27,14.76,84.74,551.7,0.07355,0.05055,0.03261,0.02648,0.1386,0.05318,0.4057,1.153,2.701,36.35,0.004481,0.01038,0.01358,0.01082,0.01069,0.001435,16.36,22.35,104.5,830.6,0.1006,0.1238,0.135,0.1001,0.2027,0.06206,1
11.15,13.08,70.87,381.9,0.09754,0.05113,0.01982,0.01786,0.183,0.06105,0.2251,0.7815,1.429,15.48,0.009019,0.008985,0.01196,0.008232,0.02388,0.001619,11.99,16.3,76.25,440.8,0.1341,0.08971,0.07116,0.05506,0.2859,0.06772,1
14.41,19.73,96.03,651.0,0.08757,0.1676,0.1362,0.06602,0.1714,0.07192,0.8811,1.77,4.36,77.11,0.007762,0.1064,0.0996,0.02771,0.04077,0.02286,15.77,22.13,101.7,767.3,0.09983,0.2472,0.222,0.1021,0.2272,0.08799,1
11.52,18.75,73.34,409.0,0.09524,0.05473,0.03036,0.02278,0.192,0.05907,0.3249,0.9591,2.183,23.47,0.008328,0.008722,0.01349,0.00867,0.03218,0.002386,12.84,22.47,81.81,506.2,0.1249,0.0872,0.09076,0.06316,0.3306,0.07036,1
11.08,14.71,70.21,372.7,0.1006,0.05743,0.02363,0.02583,0.1566,0.06669,0.2073,1.805,1.377,19.08,0.01496,0.02121,0.01453,0.01583,0.03082,0.004785,11.35,16.82,72.01,396.5,0.1216,0.0824,0.03938,0.04306,0.1902,0.07313,1
17.19,22.07,111.6,928.3,0.09726,0.08995,0.09061,0.06527,0.1867,0.0558,0.4203,0.7383,2.819,45.42,0.004493,0.01206,0.02048,0.009875,0.01144,0.001575,21.58,29.33,140.5,1436.0,0.1558,0.2567,0.3889,0.1984,0.3216,0.0757,0
20.92,25.09,143.0,1347.0,0.1099,0.2236,0.3174,0.1474,0.2149,0.06879,0.9622,1.026,8.758,118.8,0.006399,0.0431,0.07845,0.02624,0.02057,0.006213,24.29,29.41,179.1,1819.0,0.1407,0.4186,0.6599,0.2542,0.2929,0.09873,0
15.71,13.93,102.0,761.7,0.09462,0.09462,0.07135,0.05933,0.1816,0.05723,0.3117,0.8155,1.972,27.94,0.005217,0.01515,0.01678,0.01268,0.01669,0.00233,17.5,19.25,114.3,922.8,0.1223,0.1949,0.1709,0.1374,0.2723,0.07071,1
12.46,12.83,78.83,477.3,0.07372,0.04043,0.007173,0.01149,0.1613,0.06013,0.3276,1.486,2.108,24.6,0.01039,0.01003,0.006416,0.007895,0.02869,0.004821,13.19,16.36,83.24,534.0,0.09439,0.06477,0.01674,0.0268,0.228,0.07028,1
9.405,21.7,59.6,271.2,0.1044,0.06159,0.02047,0.01257,0.2025,0.06601,0.4302,2.878,2.759,25.17,0.01474,0.01674,0.01367,0.008674,0.03044,0.00459,10.85,31.24,68.73,359.4,0.1526,0.1193,0.06141,0.0377,0.2872,0.08304,1
14.54,27.54,96.73,658.8,0.1139,0.1595,0.1639,0.07364,0.2303,0.07077,0.37,1.033,2.879,32.55,0.005607,0.0424,0.04741,0.0109,0.01857,0.005466,17.46,37.13,124.1,943.2,0.1678,0.6577,0.7026,0.1712,0.4218,0.1341,0
10.05,17.53,64.41,310.8,0.1007,0.07326,0.02511,0.01775,0.189,0.06331,0.2619,2.015,1.778,16.85,0.007803,0.01449,0.0169,0.008043,0.021,0.002778,11.16,26.84,71.98,384.0,0.1402,0.1402,0.1055,0.06499,0.2894,0.07664,1
12.43,17.0,78.6,477.3,0.07557,0.03454,0.01342,0.01699,0.1472,0.05561,0.3778,2.2,2.487,31.16,0.007357,0.01079,0.009959,0.0112,0.03433,0.002961,12.9,20.21,81.76,515.9,0.08409,0.04712,0.02237,0.02832,0.1901,0.05932,1
16.25,19.51,109.8,815.8,0.1026,0.1893,0.2236,0.09194,0.2151,0.06578,0.3147,0.9857,3.07,33.12,0.009197,0.0547,0.08079,0.02215,0.02773,0.006355,17.39,23.05,122.1,939.7,0.1377,0.4462,0.5897,0.1775,0.3318,0.09136,0
12.99,14.23,84.08,514.3,0.09462,0.09965,0.03738,0.02098,0.1652,0.07238,0.1814,0.6412,0.9219,14.41,0.005231,0.02305,0.03113,0.007315,0.01639,0.005701,13.72,16.91,87.38,576.0,0.1142,0.1975,0.145,0.0585,0.2432,0.1009,1
17.3,17.08,113.0,928.2,0.1008,0.1041,0.1266,0.08353,0.1813,0.05613,0.3093,0.8568,2.193,33.63,0.004757,0.01503,0.02332,0.01262,0.01394,0.002362,19.85,25.09,130.9,1222.0,0.1416,0.2405,0.3378,0.1857,0.3138,0.08113,0
12.77,22.47,81.72,506.3,0.09055,0.05761,0.04711,0.02704,0.1585,0.06065,0.2367,1.38,1.457,19.87,0.007499,0.01202,0.02332,0.00892,0.01647,0.002629,14.49,33.37,92.04,653.6,0.1419,0.1523,0.2177,0.09331,0.2829,0.08067,0
13.01,22.22,82.01,526.4,0.06251,0.01938,0.001595,0.001852,0.1395,0.05234,0.1731,1.142,1.101,14.34,0.003418,0.002252,0.001595,0.001852,0.01613,0.0009683,14.0,29.02,88.18,608.8,0.08125,0.03432,0.007977,0.009259,0.2295,0.05843,1
20.58,22.14,134.7,1290.0,0.0909,0.1348,0.164,0.09561,0.1765,0.05024,0.8601,1.48,7.029,111.7,0.008124,0.03611,0.05489,0.02765,0.03176,0.002365,23.24,27.84,158.3,1656.0,0.1178,0.292,0.3861,0.192,0.2909,0.05865,0
9.504,12.44,60.34,273.9,0.1024,0.06492,0.02956,0.02076,0.1815,0.06905,0.2773,0.9768,1.909,15.7,0.009606,0.01432,0.01985,0.01421,0.02027,0.002968,10.23,15.66,65.13,314.9,0.1324,0.1148,0.08867,0.06227,0.245,0.07773,1
12.98,19.35,84.52,514.0,0.09579,0.1125,0.07107,0.0295,0.1761,0.0654,0.2684,0.5664,2.465,20.65,0.005727,0.03255,0.04393,0.009811,0.02751,0.004572,14.42,21.95,99.21,634.3,0.1288,0.3253,0.3439,0.09858,0.3596,0.09166,1
13.87,16.21,88.52,593.7,0.08743,0.05492,0.01502,0.02088,0.1424,0.05883,0.2543,1.363,1.737,20.74,0.005638,0.007939,0.005254,0.006042,0.01544,0.002087,15.11,25.58,96.74,694.4,0.1153,0.1008,0.05285,0.05556,0.2362,0.07113,1
11.16,21.41,70.95,380.3,0.1018,0.05978,0.008955,0.01076,0.1615,0.06144,0.2865,1.678,1.968,18.99,0.006908,0.009442,0.006972,0.006159,0.02694,0.00206,12.36,28.92,79.26,458.0,0.1282,0.1108,0.03582,0.04306,0.2976,0.07123,1
19.27,26.47,127.9,1162.0,0.09401,0.1719,0.1657,0.07593,0.1853,0.06261,0.5558,0.6062,3.528,68.17,0.005015,0.03318,0.03497,0.009643,0.01543,0.003896,24.15,30.9,161.4,1813.0,0.1509,0.659,0.6091,0.1785,0.3672,0.1123,0
10.03,21.28,63.19,307.3,0.08117,0.03912,0.00247,0.005159,0.163,0.06439,0.1851,1.341,1.184,11.6,0.005724,0.005697,0.002074,0.003527,0.01445,0.002411,11.11,28.94,69.92,376.3,0.1126,0.07094,0.01235,0.02579,0.2349,0.08061,1
11.57,19.04,74.2,409.7,0.08546,0.07722,0.05485,0.01428,0.2031,0.06267,0.2864,1.44,2.206,20.3,0.007278,0.02047,0.04447,0.008799,0.01868,0.003339,13.07,26.98,86.43,520.5,0.1249,0.1937,0.256,0.06664,0.3035,0.08284,1
14.2,20.53,92.41,618.4,0.08931,0.1108,0.05063,0.03058,0.1506,0.06009,0.3478,1.018,2.749,31.01,0.004107,0.03288,0.02821,0.0135,0.0161,0.002744,16.45,27.26,112.1,828.5,0.1153,0.3429,0.2512,0.1339,0.2534,0.07858,1
23.27,22.04,152.1,1686.0,0.08439,0.1145,0.1324,0.09702,0.1801,0.05553,0.6642,0.8561,4.603,97.85,0.00491,0.02544,0.02822,0.01623,0.01956,0.00374,28.01,28.22,184.2,2403.0,0.1228,0.3583,0.3948,0.2346,0.3589,0.09187,0
17.54,19.32,115.1,951.6,0.08968,0.1198,0.1036,0.07488,0.1506,0.05491,0.3971,0.8282,3.088,40.73,0.00609,0.02569,0.02713,0.01345,0.01594,0.002658,20.42,25.84,139.5,1239.0,0.1381,0.342,0.3508,0.1939,0.2928,0.07867,0
8.888,14.64,58.79,244.0,0.09783,0.1531,0.08606,0.02872,0.1902,0.0898,0.5262,0.8522,3.168,25.44,0.01721,0.09368,0.05671,0.01766,0.02541,0.02193,9.733,15.67,62.56,284.4,0.1207,0.2436,0.1434,0.04786,0.2254,0.1084,1
11.84,18.94,75.51,428.0,0.08871,0.069,0.02669,0.01393,0.1533,0.06057,0.2222,0.8652,1.444,17.12,0.005517,0.01727,0.02045,0.006747,0.01616,0.002922,13.3,24.99,85.22,546.3,0.128,0.188,0.1471,0.06913,0.2535,0.07993,1
17.93,24.48,115.2,998.9,0.08855,0.07027,0.05699,0.04744,0.1538,0.0551,0.4212,1.433,2.765,45.81,0.005444,0.01169,0.01622,0.008522,0.01419,0.002751,20.92,34.69,135.1,1320.0,0.1315,0.1806,0.208,0.1136,0.2504,0.07948,0
10.51,23.09,66.85,334.2,0.1015,0.06797,0.02495,0.01875,0.1695,0.06556,0.2868,1.143,2.289,20.56,0.01017,0.01443,0.01861,0.0125,0.03464,0.001971,10.93,24.22,70.1,362.7,0.1143,0.08614,0.04158,0.03125,0.2227,0.06777,1
12.21,18.02,78.31,458.4,0.09231,0.07175,0.04392,0.02027,0.1695,0.05916,0.2527,0.7786,1.874,18.57,0.005833,0.01388,0.02,0.007087,0.01938,0.00196,14.29,24.04,93.85,624.6,0.1368,0.217,0.2413,0.08829,0.3218,0.0747,1
19.4,18.18,127.2,1145.0,0.1037,0.1442,0.1626,0.09464,0.1893,0.05892,0.4709,0.9951,2.903,53.16,0.005654,0.02199,0.03059,0.01499,0.01623,0.001965,23.79,28.65,152.4,1628.0,0.1518,0.3749,0.4316,0.2252,0.359,0.07787,0
13.77,22.29,90.63,588.9,0.12,0.1267,0.1385,0.06526,0.1834,0.06877,0.6191,2.112,4.906,49.7,0.0138,0.03348,0.04665,0.0206,0.02689,0.004306,16.39,34.01,111.6,806.9,0.1737,0.3122,0.3809,0.1673,0.308,0.09333,0
12.32,12.39,78.85,464.1,0.1028,0.06981,0.03987,0.037,0.1959,0.05955,0.236,0.6656,1.67,17.43,0.008045,0.0118,0.01683,0.01241,0.01924,0.002248,13.5,15.64,86.97,549.1,0.1385,0.1266,0.1242,0.09391,0.2827,0.06771,1
11.27,15.5,73.38,392.0,0.08365,0.1114,0.1007,0.02757,0.181,0.07252,0.3305,1.067,2.569,22.97,0.01038,0.06669,0.09472,0.02047,0.01219,0.01233,12.04,18.93,79.73,450.0,0.1102,0.2809,0.3021,0.08272,0.2157,0.1043,1
15.19,13.21,97.65,711.8,0.07963,0.06934,0.03393,0.02657,0.1721,0.05544,0.1783,0.4125,1.338,17.72,0.005012,0.01485,0.01551,0.009155,0.01647,0.001767,16.2,15.73,104.5,819.1,0.1126,0.1737,0.1362,0.08178,0.2487,0.06766,1
16.6,28.08,108.3,858.1,0.08455,0.1023,0.09251,0.05302,0.159,0.05648,0.4564,1.075,3.425,48.55,0.005903,0.03731,0.0473,0.01557,0.01318,0.003892,18.98,34.12,126.7,1124.0,0.1139,0.3094,0.3403,0.1418,0.2218,0.0782,0
17.29,22.13,114.4,947.8,0.08999,0.1273,0.09697,0.07507,0.2108,0.05464,0.8348,1.633,6.146,90.94,0.006717,0.05981,0.04638,0.02149,0.02747,0.005838,20.39,27.24,137.9,1295.0,0.1134,0.2867,0.2298,0.1528,0.3067,0.07484,0
20.13,28.25,131.2,1261.0,0.0978,0.1034,0.144,0.09791,0.1752,0.05533,0.7655,2.463,5.203,99.04,0.005769,0.02423,0.0395,0.01678,0.01898,0.002498,23.69,38.25,155.0,1731.0,0.1166,0.1922,0.3215,0.1628,0.2572,0.06637,0
20.09,23.86,134.7,1247.0,0.108,0.1838,0.2283,0.128,0.2249,0.07469,1.072,1.743,7.804,130.8,0.007964,0.04732,0.07649,0.01936,0.02736,0.005928,23.68,29.43,158.8,1696.0,0.1347,0.3391,0.4932,0.1923,0.3294,0.09469,0
19.79,25.12,130.4,1192.0,0.1015,0.1589,0.2545,0.1149,0.2202,0.06113,0.4953,1.199,2.765,63.33,0.005033,0.03179,0.04755,0.01043,0.01578,0.003224,22.63,33.58,148.7,1589.0,0.1275,0.3861,0.5673,0.1732,0.3305,0.08465,0
11.22,19.86,71.94,387.3,0.1054,0.06779,0.005006,0.007583,0.194,0.06028,0.2976,1.966,1.959,19.62,0.01289,0.01104,0.003297,0.004967,0.04243,0.001963,11.98,25.78,76.91,436.1,0.1424,0.09669,0.01335,0.02022,0.3292,0.06522,1
20.34,21.51,135.9,1264.0,0.117,0.1875,0.2565,0.1504,0.2569,0.0667,0.5702,1.023,4.012,69.06,0.005485,0.02431,0.0319,0.01369,0.02768,0.003345,25.3,31.86,171.1,1938.0,0.1592,0.4492,0.5344,0.2685,0.5558,0.1024,0
13.69,16.07,87.84,579.1,0.08302,0.06374,0.02556,0.02031,0.1872,0.05669,0.1705,0.5066,1.372,14.0,0.00423,0.01587,0.01169,0.006335,0.01943,0.002177,14.84,20.21,99.16,670.6,0.1105,0.2096,0.1346,0.06987,0.3323,0.07701,1
10.94,18.59,70.39,370.0,0.1004,0.0746,0.04944,0.02932,0.1486,0.06615,0.3796,1.743,3.018,25.78,0.009519,0.02134,0.0199,0.01155,0.02079,0.002701,12.4,25.58,82.76,472.4,0.1363,0.1644,0.1412,0.07887,0.2251,0.07732,1
12.36,21.8,79.78,466.1,0.08772,0.09445,0.06015,0.03745,0.193,0.06404,0.2978,1.502,2.203,20.95,0.007112,0.02493,0.02703,0.01293,0.01958,0.004463,13.83,30.5,91.46,574.7,0.1304,0.2463,0.2434,0.1205,0.2972,0.09261,1
20.18,23.97,143.7,1245.0,0.1286,0.3454,0.3754,0.1604,0.2906,0.08142,0.9317,1.885,8.649,116.4,0.01038,0.06835,0.1091,0.02593,0.07895,0.005987,23.37,31.72,170.3,1623.0,0.1639,0.6164,0.7681,0.2508,0.544,0.09964,0
11.9,14.65,78.11,432.8,0.1152,0.1296,0.0371,0.03003,0.1995,0.07839,0.3962,0.6538,3.021,25.03,0.01017,0.04741,0.02789,0.0111,0.03127,0.009423,13.15,16.51,86.26,509.6,0.1424,0.2517,0.0942,0.06042,0.2727,0.1036,1
17.75,28.03,117.3,981.6,0.09997,0.1314,0.1698,0.08293,0.1713,0.05916,0.3897,1.077,2.873,43.95,0.004714,0.02015,0.03697,0.0111,0.01237,0.002556,21.53,38.54,145.4,1437.0,0.1401,0.3762,0.6399,0.197,0.2972,0.09075,0
13.15,15.34,85.31,538.9,0.09384,0.08498,0.09293,0.03483,0.1822,0.06207,0.271,0.7927,1.819,22.79,0.008584,0.02017,0.03047,0.009536,0.02769,0.003479,14.77,20.5,97.67,677.3,0.1478,0.2256,0.3009,0.09722,0.3849,0.08633,1
17.27,25.42,112.4,928.8,0.08331,0.1109,0.1204,0.05736,0.1467,0.05407,0.51,1.679,3.283,58.38,0.008109,0.04308,0.04942,0.01742,0.01594,0.003739,20.38,35.46,132.8,1284.0,0.1436,0.4122,0.5036,0.1739,0.25,0.07944,0
14.68,20.13,94.74,684.5,0.09867,0.072,0.07395,0.05259,0.1586,0.05922,0.4727,1.24,3.195,45.4,0.005718,0.01162,0.01998,0.01109,0.0141,0.002085,19.07,30.88,123.4,1138.0,0.1464,0.1871,0.2914,0.1609,0.3029,0.08216,0
14.61,15.69,92.68,664.9,0.07618,0.03515,0.01447,0.01877,0.1632,0.05255,0.316,0.9115,1.954,28.9,0.005031,0.006021,0.005325,0.006324,0.01494,0.0008948,16.46,21.75,103.7,840.8,0.1011,0.07087,0.04746,0.05813,0.253,0.05695,1
14.53,19.34,94.25,659.7,0.08388,0.078,0.08817,0.02925,0.1473,0.05746,0.2535,1.354,1.994,23.04,0.004147,0.02048,0.03379,0.008848,0.01394,0.002327,16.3,28.39,108.1,830.5,0.1089,0.2649,0.3779,0.09594,0.2471,0.07463,1
15.3,25.27,102.4,732.4,0.1082,0.1697,0.1683,0.08751,0.1926,0.0654,0.439,1.012,3.498,43.5,0.005233,0.03057,0.03576,0.01083,0.01768,0.002967,20.27,36.71,149.3,1269.0,0.1641,0.611,0.6335,0.2024,0.4027,0.09876,0
14.29,16.82,90.3,632.6,0.06429,0.02675,0.00725,0.00625,0.1508,0.05376,0.1302,0.7198,0.8439,10.77,0.003492,0.00371,0.004826,0.003608,0.01536,0.001381,14.91,20.65,94.44,684.6,0.08567,0.05036,0.03866,0.03333,0.2458,0.0612,1
12.81,13.06,81.29,508.8,0.08739,0.03774,0.009193,0.0133,0.1466,0.06133,0.2889,0.9899,1.778,21.79,0.008534,0.006364,0.00618,0.007408,0.01065,0.003351,13.63,16.15,86.7,570.7,0.1162,0.05445,0.02758,0.0399,0.1783,0.07319,1
13.51,18.89,88.1,558.1,0.1059,0.1147,0.0858,0.05381,0.1806,0.06079,0.2136,1.332,1.513,19.29,0.005442,0.01957,0.03304,0.01367,0.01315,0.002464,14.8,27.2,97.33,675.2,0.1428,0.257,0.3438,0.1453,0.2666,0.07686,1
13.65,13.16,87.88,568.9,0.09646,0.08711,0.03888,0.02563,0.136,0.06344,0.2102,0.4336,1.391,17.4,0.004133,0.01695,0.01652,0.006659,0.01371,0.002735,15.34,16.35,99.71,706.2,0.1311,0.2474,0.1759,0.08056,0.238,0.08718,1
23.51,24.27,155.1,1747.0,0.1069,0.1283,0.2308,0.141,0.1797,0.05506,1.009,0.9245,6.462,164.1,0.006292,0.01971,0.03582,0.01301,0.01479,0.003118,30.67,30.73,202.4,2906.0,0.1515,0.2678,0.4819,0.2089,0.2593,0.07738,0
12.49,16.85,79.19,481.6,0.08511,0.03834,0.004473,0.006423,0.1215,0.05673,0.1716,0.7151,1.047,12.69,0.004928,0.003012,0.00262,0.00339,0.01393,0.001344,13.34,19.71,84.48,544.2,0.1104,0.04953,0.01938,0.02784,0.1917,0.06174,1
19.21,18.57,125.5,1152.0,0.1053,0.1267,0.1323,0.08994,0.1917,0.05961,0.7275,1.193,4.837,102.5,0.006458,0.02306,0.02945,0.01538,0.01852,0.002608,26.14,28.14,170.1,2145.0,0.1624,0.3511,0.3879,0.2091,0.3537,0.08294,0
20.64,17.35,134.8,1335.0,0.09446,0.1076,0.1527,0.08941,0.1571,0.05478,0.6137,0.6575,4.119,77.02,0.006211,0.01895,0.02681,0.01232,0.01276,0.001711,25.37,23.17,166.8,1946.0,0.1562,0.3055,0.4159,0.2112,0.2689,0.07055,0
13.2,15.82,84.07,537.3,0.08511,0.05251,0.001461,0.003261,0.1632,0.05894,0.1903,0.5735,1.204,15.5,0.003632,0.007861,0.001128,0.002386,0.01344,0.002585,14.41,20.45,92.0,636.9,0.1128,0.1346,0.0112,0.025,0.2651,0.08385,1
13.85,19.6,88.68,592.6,0.08684,0.0633,0.01342,0.02293,0.1555,0.05673,0.3419,1.678,2.331,29.63,0.005836,0.01095,0.005812,0.007039,0.02014,0.002326,15.63,28.01,100.9,749.1,0.1118,0.1141,0.04753,0.0589,0.2513,0.06911,1
12.46,24.04,83.97,475.9,0.1186,0.2396,0.2273,0.08543,0.203,0.08243,0.2976,1.599,2.039,23.94,0.007149,0.07217,0.07743,0.01432,0.01789,0.01008,15.09,40.68,97.65,711.4,0.1853,1.058,1.105,0.221,0.4366,0.2075,0
11.34,21.26,72.48,396.5,0.08759,0.06575,0.05133,0.01899,0.1487,0.06529,0.2344,0.9861,1.597,16.41,0.009113,0.01557,0.02443,0.006435,0.01568,0.002477,13.01,29.15,83.99,518.1,0.1699,0.2196,0.312,0.08278,0.2829,0.08832,1
19.81,22.15,130.0,1260.0,0.09831,0.1027,0.1479,0.09498,0.1582,0.05395,0.7582,1.017,5.865,112.4,0.006494,0.01893,0.03391,0.01521,0.01356,0.001997,27.32,30.88,186.8,2398.0,0.1512,0.315,0.5372,0.2388,0.2768,0.07615,0
11.36,17.57,72.49,399.8,0.08858,0.05313,0.02783,0.021,0.1601,0.05913,0.1916,1.555,1.359,13.66,0.005391,0.009947,0.01163,0.005872,0.01341,0.001659,13.05,36.32,85.07,521.3,0.1453,0.1622,0.1811,0.08698,0.2973,0.07745,1
12.76,13.37,82.29,504.1,0.08794,0.07948,0.04052,0.02548,0.1601,0.0614,0.3265,0.6594,2.346,25.18,0.006494,0.02768,0.03137,0.01069,0.01731,0.004392,14.19,16.4,92.04,618.8,0.1194,0.2208,0.1769,0.08411,0.2564,0.08253,1
13.61,24.69,87.76,572.6,0.09258,0.07862,0.05285,0.03085,0.1761,0.0613,0.231,1.005,1.752,19.83,0.004088,0.01174,0.01796,0.00688,0.01323,0.001465,16.89,35.64,113.2,848.7,0.1471,0.2884,0.3796,0.1329,0.347,0.079,0
19.02,24.59,122.0,1076.0,0.09029,0.1206,0.1468,0.08271,0.1953,0.05629,0.5495,0.6636,3.055,57.65,0.003872,0.01842,0.0371,0.012,0.01964,0.003337,24.56,30.41,152.9,1623.0,0.1249,0.3206,0.5755,0.1956,0.3956,0.09288,0
11.8,16.58,78.99,432.0,0.1091,0.17,0.1659,0.07415,0.2678,0.07371,0.3197,1.426,2.281,24.72,0.005427,0.03633,0.04649,0.01843,0.05628,0.004635,13.74,26.38,91.93,591.7,0.1385,0.4092,0.4504,0.1865,0.5774,0.103,0
14.97,19.76,95.5,690.2,0.08421,0.05352,0.01947,0.01939,0.1515,0.05266,0.184,1.065,1.286,16.64,0.003634,0.007983,0.008268,0.006432,0.01924,0.00152,15.98,25.82,102.3,782.1,0.1045,0.09995,0.0775,0.05754,0.2646,0.06085,1
9.755,28.2,61.68,290.9,0.07984,0.04626,0.01541,0.01043,0.1621,0.05952,0.1781,1.687,1.243,11.28,0.006588,0.0127,0.0145,0.006104,0.01574,0.002268,10.67,36.92,68.03,349.9,0.111,0.1109,0.0719,0.04866,0.2321,0.07211,1
14.04,15.98,89.78,611.2,0.08458,0.05895,0.03534,0.02944,0.1714,0.05898,0.3892,1.046,2.644,32.74,0.007976,0.01295,0.01608,0.009046,0.02005,0.00283,15.66,21.58,101.2,750.0,0.1195,0.1252,0.1117,0.07453,0.2725,0.07234,1
10.57,18.32,66.82,340.9,0.08142,0.04462,0.01993,0.01111,0.2372,0.05768,0.1818,2.542,1.277,13.12,0.01072,0.01331,0.01993,0.01111,0.01717,0.004492,10.94,23.31,69.35,366.3,0.09794,0.06542,0.03986,0.02222,0.2699,0.06736,1
13.24,20.13,86.87,542.9,0.08284,0.1223,0.101,0.02833,0.1601,0.06432,0.281,0.8135,3.369,23.81,0.004929,0.06657,0.07683,0.01368,0.01526,0.008133,15.44,25.5,115.0,733.5,0.1201,0.5646,0.6556,0.1357,0.2845,0.1249,1
9.742,15.67,61.5,289.9,0.09037,0.04689,0.01103,0.01407,0.2081,0.06312,0.2684,1.409,1.75,16.39,0.0138,0.01067,0.008347,0.009472,0.01798,0.004261,10.75,20.88,68.09,355.2,0.1467,0.0937,0.04043,0.05159,0.2841,0.08175,1
19.89,20.26,130.5,1214.0,0.1037,0.131,0.1411,0.09431,0.1802,0.06188,0.5079,0.8737,3.654,59.7,0.005089,0.02303,0.03052,0.01178,0.01057,0.003391,23.73,25.23,160.5,1646.0,0.1417,0.3309,0.4185,0.1613,0.2549,0.09136,0
18.22,18.87,118.7,1027.0,0.09746,0.1117,0.113,0.0795,0.1807,0.05664,0.4041,0.5503,2.547,48.9,0.004821,0.01659,0.02408,0.01143,0.01275,0.002451,21.84,25.0,140.9,1485.0,0.1434,0.2763,0.3853,0.1776,0.2812,0.08198,0
15.0,15.51,97.45,684.5,0.08371,0.1096,0.06505,0.0378,0.1881,0.05907,0.2318,0.4966,2.276,19.88,0.004119,0.03207,0.03644,0.01155,0.01391,0.003204,16.41,19.31,114.2,808.2,0.1136,0.3627,0.3402,0.1379,0.2954,0.08362,1
12.36,18.54,79.01,466.7,0.08477,0.06815,0.02643,0.01921,0.1602,0.06066,0.1199,0.8944,0.8484,9.227,0.003457,0.01047,0.01167,0.005558,0.01251,0.001356,13.29,27.49,85.56,544.1,0.1184,0.1963,0.1937,0.08442,0.2983,0.07185,1
