Feature_1,Feature_2,target
-0.20428288665498112,-0.5128360296090007,1
0.5124925016868228,0.3144284031821974,1
-0.383349795954872,0.3535970907641442,1
0.7193834760620176,-0.5989840343431667,0
0.8758627559646511,-0.796936939382692,0
0.2823818541364431,-0.8096356038711522,0
-0.8839879781882499,0.1996958148480896,0
-0.37182397479047224,-0.3020045215621054,1
0.3557964697012626,1.0246687513620794,0
0.9220298119340121,-0.08438963603439258,0
-0.652477375574668,0.6739574755862918,0
-0.7939680865638877,-0.5991273774271129,0
-0.22093875850310313,0.02183585470134093,1
-0.6140315776089803,-0.8019336185229219,0
0.24177900698652538,-0.24680565985184763,1
1.038598729978001,0.5641269817992295,0
-0.4667514260926817,0.026996421588942485,1
-0.545323782299049,-0.15596153326340476,1
-0.08545190515657802,0.97514197680437,0
-0.6327044984214414,-0.7055163496123885,0
0.3271042041128233,0.25791481161703783,1
0.10380358491724456,-0.5245898279100301,1
-0.9071225809082429,-0.2564656561394152,0
0.44879629952288935,-0.8949922474651674,0
-0.4954793824319532,0.6366398946124727,1
-0.41864357390308315,1.0425449484877547,0
0.24241093235190436,-1.0024352654459783,0
0.46828562011689523,-0.38672852914953343,1
0.35950546022725133,0.8901797717918579,0
-0.5494899445896964,0.10181333946433263,1
0.29605401688965194,1.082785938798952,0
0.8855998835656502,-0.3765410612027956,0
-0.030806889893827627,-0.618176146620132,1
-0.8959742200007371,-0.17066743298932968,0
0.5152154712668915,-0.5792477432482189,1
0.7327542979534323,0.6046511910118025,0
-0.34507734084588026,0.38558885631976847,1
-0.1682375975554008,0.6156604146169392,1
-0.3135572599036312,-0.9293628436789193,0
-0.37453691832791236,0.9591759215902631,0
0.994924647649298,-0.24504193989813408,0
-0.3468120110900049,-0.8616781061397156,0
0.5277487598909707,0.702283086383762,0
0.4932596586291008,-0.2333443130614688,1
-1.0406129604145125,-0.2756832640724241,0
-0.7433148503844806,0.7462474835002015,0
-0.23959024379671467,-0.33570863715322186,1
-0.8830792353047378,0.08733169690894234,0
0.051960273165323714,0.3546650290445119,1
-0.1655616059381623,1.0721507919327933,0
-1.163167659166981,0.1372310827539026,0
1.0298250466644618,0.3833666389106039,0
-0.5959665195361695,0.7596664898155353,0
0.1444057918174508,-0.9508559992755736,0
0.5072778648803635,0.95085717238661,0
-0.3794884642946355,-0.005202890609792898,1
0.7856580345001203,0.6680970625124982,0
-0.10798975076361508,0.29768660581423934,1
-0.17231541023739655,-0.9838587447139334,0
-0.03931674925861593,-0.4936723879214571,1
0.4988011349403837,0.2688187879695917,1
0.4000678874458483,0.04782620506286303,1
0.5015773696483607,0.5469863584886838,1
0.5055669736728787,-0.6984745185719694,0
0.5315890907152315,0.005928128405319588,1
-0.17686217564003165,0.41919142698226847,1
0.6826690590454035,-0.5664894269129797,0
-0.182268650142313,0.5024595117683347,1
0.05637873832782598,0.5415033317788261,1
0.7432820475931095,-0.18718095615902336,1
-0.4393116720001311,-0.22181696653940536,1
0.4864768625219351,-0.9397171707432947,0
0.32852633379940677,0.22774100337604755,1
1.0022230375072565,-0.24362690607333787,0
0.4625458828739132,-0.1718706784224748,1
0.25777465728590343,0.3039045116918923,1
-0.7318068248187829,-0.026801835184287404,1
-0.5277910107945807,-0.8040543451828733,0
0.42799556880090384,-0.45029363996839267,1
0.08231989037842727,0.3773373419262425,1
-0.13394524673667235,0.3807094030806305,1
-0.16791224193366272,-0.27452109184441376,1
-0.12948485702496448,-1.167208554053302,0
-0.8106269469274655,-0.6253437560391186,0
0.873788139169036,0.17483279898347376,0
0.4677606191089593,0.055627426049176365,1
-0.8694715549334807,0.4408127910445595,0
1.1575379267412893,0.1811094137427151,0
-1.0599244148608726,0.2031865697660982,0
-0.07267142108366725,-0.43944899903370366,1
0.013735867129394924,-0.4098109395496096,1
-0.5501858948212357,0.14034891722471238,1
-0.09845502840856675,-0.4392741795925664,1
-0.35785217608252795,-0.3414543616457272,1
-0.6426400154301222,0.5138616091469626,0
0.14378904967136114,0.4269065295722644,1
-0.2788551605959853,0.19748267714985243,1
-0.2606505347161093,0.9244595593322749,0
0.2543416592576752,-0.5015144645182685,1
0.4592123517485693,0.07838680229185993,1
