Model,Accuracy,Precision,Recall,F1-Score,Train Time (s),Dataset
Classical SVM,0.733,0.625,0.833,0.714,0.001,equinox
VQC (Ideal),0.6,0.5,0.583,0.538,12.205,equinox
VQC (Noisy),0.733,0.667,0.667,0.667,11.858,equinox
QSVC (Ideal),0.7,0.588,0.833,0.69,11.943,equinox
QSVC (Noisy),0.6,0.5,0.75,0.6,12.318,equinox
Classical SVM,0.8,0.5,0.333,0.4,0.001,jdt
VQC (Ideal),0.867,1.0,0.333,0.5,10.829,jdt
VQC (Noisy),0.8,0.0,0.0,0.0,11.903,jdt
QSVC (Ideal),0.767,0.0,0.0,0.0,11.571,jdt
QSVC (Noisy),0.767,0.0,0.0,0.0,11.816,jdt
Classical SVM,0.9,0.0,0.0,0.0,0.001,lucene
VQC (Ideal),0.833,0.25,0.333,0.286,12.136,lucene
VQC (Noisy),0.833,0.25,0.333,0.286,13.561,lucene
QSVC (Ideal),0.9,0.0,0.0,0.0,11.622,lucene
QSVC (Noisy),0.9,0.0,0.0,0.0,11.537,lucene
Classical SVM,0.833,0.0,0.0,0.0,0.001,mylyn
VQC (Ideal),0.8,0.333,0.5,0.4,11.782,mylyn
VQC (Noisy),0.8,0.333,0.5,0.4,10.529,mylyn
QSVC (Ideal),0.867,0.0,0.0,0.0,11.645,mylyn
QSVC (Noisy),0.867,0.0,0.0,0.0,11.837,mylyn
Classical SVM,0.867,0.0,0.0,0.0,0.001,pde
VQC (Ideal),0.8,0.333,0.5,0.4,13.583,pde
VQC (Noisy),0.767,0.2,0.25,0.222,13.406,pde
QSVC (Ideal),0.867,0.0,0.0,0.0,11.45,pde
QSVC (Noisy),0.867,0.0,0.0,0.0,11.125,pde
